 2024/04/25 11:59:55.448,100,51,1410,1410,100
 2024/04/25 11:59:57.529,100,48,1410,1410,100
 2024/04/25 11:59:59.612,98,42,1410,1410,98
 2024/04/25 12:00:01.681,100,42,1410,1410,100
 2024/04/25 12:00:03.742,100,54,1410,1410,100
 2024/04/25 12:00:05.825,100,41,1395,1410,98.93617021
 2024/04/25 12:00:07.936,100,40,1410,1410,100
 2024/04/25 12:00:10.046,100,46,1410,1410,100
 2024/04/25 12:00:12.147,100,48,1410,1410,100
 2024/04/25 12:00:14.277,99,43,1410,1410,99
 2024/04/25 12:00:16.397,100,49,1410,1410,100
 2024/04/25 12:00:18.465,100,43,1410,1410,100
 2024/04/25 12:00:20.556,100,54,1410,1410,100
 2024/04/25 12:00:22.627,100,43,1410,1410,100
 2024/04/25 12:00:24.721,100,51,1410,1410,100
 2024/04/25 12:00:26.781,100,61,1410,1410,100
 2024/04/25 12:00:28.847,99,42,1410,1410,99
 2024/04/25 12:00:30.911,99,57,1395,1410,97.94680851
 2024/04/25 12:00:32.971,100,48,1410,1410,100
 2024/04/25 12:00:35.073,100,59,1410,1410,100
 2024/04/25 12:00:37.190,100,58,1410,1410,100
 2024/04/25 12:00:39.299,100,51,1410,1410,100
 2024/04/25 12:00:41.398,100,58,1410,1410,100
 2024/04/25 12:00:43.461,100,56,1410,1410,100
 2024/04/25 12:00:45.557,100,57,1410,1410,100
 2024/04/25 12:00:47.623,100,59,1410,1410,100
 2024/04/25 12:00:49.724,100,42,1410,1410,100
 2024/04/25 12:00:51.788,100,39,1410,1410,100
 2024/04/25 12:00:53.851,100,46,1410,1410,100
 2024/04/25 12:00:55.954,100,34,1410,1410,100
 2024/04/25 12:00:58.019,100,45,1410,1410,100
 2024/04/25 12:01:00.083,100,35,1410,1410,100
 2024/04/25 12:01:02.143,100,36,1410,1410,100
 2024/04/25 12:01:04.253,100,27,1410,1410,100
 2024/04/25 12:01:06.376,100,24,1410,1410,100
 2024/04/25 12:01:08.477,100,23,1410,1410,100
 2024/04/25 12:01:10.584,100,33,1410,1410,100
 2024/04/25 12:01:12.685,100,35,1410,1410,100
 2024/04/25 12:01:14.795,100,29,1410,1410,100
 2024/04/25 12:01:16.905,100,29,1410,1410,100
 2024/04/25 12:01:19.028,100,32,1410,1410,100
 2024/04/25 12:01:21.138,100,31,1410,1410,100
 2024/04/25 12:01:23.238,100,30,1410,1410,100
 2024/04/25 12:01:25.337,100,31,1410,1410,100
 2024/04/25 12:01:27.428,100,40,1410,1410,100
 2024/04/25 12:01:29.491,100,41,1410,1410,100
 2024/04/25 12:01:31.573,100,42,1410,1410,100
 2024/04/25 12:01:33.675,100,40,1410,1410,100
 2024/04/25 12:01:35.780,95,45,1410,1410,95
 2024/04/25 12:01:37.878,86,73,1410,1410,86
 2024/04/25 12:01:39.968,100,56,1410,1410,100
 2024/04/25 12:01:42.056,100,62,1410,1410,100
 2024/04/25 12:01:45.090,99,37,1410,1410,99
 2024/04/25 12:01:47.159,100,46,1410,1410,100
 2024/04/25 12:01:49.222,100,45,1410,1410,100
 2024/04/25 12:01:51.299,100,52,1410,1410,100
 2024/04/25 12:01:53.384,99,55,1410,1410,99
 2024/04/25 12:01:55.452,99,52,1410,1410,99
 2024/04/25 12:01:57.516,100,61,1410,1410,100
 2024/04/25 12:01:59.631,100,58,1410,1410,100
 2024/04/25 12:02:01.703,99,46,1410,1410,99
 2024/04/25 12:02:03.780,100,54,1410,1410,100
 2024/04/25 12:02:05.919,100,60,1410,1410,100
 2024/04/25 12:02:07.999,99,47,1410,1410,99
 2024/04/25 12:02:10.106,100,45,1410,1410,100
 2024/04/25 12:02:12.173,100,63,1410,1410,100
 2024/04/25 12:02:14.259,100,60,1410,1410,100
 2024/04/25 12:02:16.391,100,46,1410,1410,100
 2024/04/25 12:02:18.489,100,39,1410,1410,100
 2024/04/25 12:02:20.592,100,62,1410,1410,100
 2024/04/25 12:02:22.665,100,59,1410,1410,100
 2024/04/25 12:02:24.733,100,50,1410,1410,100
 2024/04/25 12:02:26.819,100,50,1410,1410,100
 2024/04/25 12:02:28.879,100,56,1410,1410,100
 2024/04/25 12:02:30.938,100,61,1410,1410,100
 2024/04/25 12:02:33.000,100,59,1410,1410,100
 2024/04/25 12:02:35.105,100,51,1410,1410,100
 2024/04/25 12:02:37.175,100,46,1410,1410,100
 2024/04/25 12:02:39.279,100,51,1410,1410,100
 2024/04/25 12:02:41.375,100,44,1410,1410,100
 2024/04/25 12:02:43.464,99,43,1410,1410,99
 2024/04/25 12:02:45.528,100,43,1410,1410,100
 2024/04/25 12:02:47.596,100,45,1410,1410,100
 2024/04/25 12:02:49.694,99,50,1320,1410,92.68085106
 2024/04/25 12:02:51.815,100,50,1410,1410,100
 2024/04/25 12:02:53.903,100,54,1410,1410,100
 2024/04/25 12:02:55.974,100,61,1410,1410,100
 2024/04/25 12:02:58.072,100,39,1410,1410,100
 2024/04/25 12:03:00.158,100,37,1410,1410,100
 2024/04/25 12:03:02.259,100,45,1410,1410,100
 2024/04/25 12:03:04.320,100,36,1410,1410,100
 2024/04/25 12:03:06.378,100,31,1410,1410,100
 2024/04/25 12:03:08.476,100,38,1410,1410,100
 2024/04/25 12:03:10.585,100,44,1410,1410,100
 2024/04/25 12:03:12.684,100,29,1410,1410,100
 2024/04/25 12:03:14.789,100,42,1410,1410,100
 2024/04/25 12:03:16.911,100,45,1410,1410,100
 2024/04/25 12:03:19.021,100,30,1410,1410,100
 2024/04/25 12:03:21.113,99,32,1410,1410,99
 2024/04/25 12:03:23.180,100,32,1410,1410,100
 2024/04/25 12:03:25.274,100,37,1410,1410,100
 2024/04/25 12:03:27.388,100,31,1410,1410,100
 2024/04/25 12:03:29.495,100,59,1410,1410,100
 2024/04/25 12:03:31.604,100,61,1410,1410,100
 2024/04/25 12:03:33.675,85,71,1410,1410,85
 2024/04/25 12:03:35.777,100,50,1410,1410,100
 2024/04/25 12:03:37.850,100,55,1410,1410,100
 2024/04/25 12:03:39.953,100,55,1410,1410,100
 2024/04/25 12:03:42.019,100,53,1410,1410,100
 2024/04/25 12:03:44.078,92,75,1410,1410,92
 2024/04/25 12:03:46.162,85,70,1410,1410,85
 2024/04/25 12:03:48.277,100,56,1320,1410,93.61702128
 2024/04/25 12:03:50.340,100,60,1410,1410,100
 2024/04/25 12:03:52.440,100,56,1410,1410,100
 2024/04/25 12:03:54.549,100,45,1410,1410,100
 2024/04/25 12:03:56.660,100,44,1410,1410,100
 2024/04/25 12:03:58.732,100,46,1410,1410,100
 2024/04/25 12:04:00.801,100,60,1410,1410,100
 2024/04/25 12:04:02.871,99,55,1410,1410,99
 2024/04/25 12:04:04.939,100,44,1410,1410,100
 2024/04/25 12:04:07.010,100,60,1410,1410,100
 2024/04/25 12:04:09.111,100,56,1410,1410,100
 2024/04/25 12:04:11.178,100,49,1410,1410,100
 2024/04/25 12:04:13.274,100,55,1410,1410,100
 2024/04/25 12:04:15.360,100,47,1410,1410,100
 2024/04/25 12:04:17.468,100,47,1410,1410,100
 2024/04/25 12:04:19.582,100,48,1410,1410,100
 2024/04/25 12:04:21.679,100,52,1410,1410,100
 2024/04/25 12:04:23.799,100,45,1410,1410,100
 2024/04/25 12:04:25.861,100,42,1410,1410,100
 2024/04/25 12:04:27.929,100,57,1410,1410,100
 2024/04/25 12:04:30.017,99,57,1410,1410,99
 2024/04/25 12:04:32.081,100,51,1410,1410,100
 2024/04/25 12:04:34.164,100,60,1410,1410,100
 2024/04/25 12:04:36.248,100,61,1410,1410,100
 2024/04/25 12:04:38.321,100,57,1410,1410,100
 2024/04/25 12:04:40.436,100,24,1410,1410,100
 2024/04/25 12:04:42.545,100,55,1410,1410,100
 2024/04/25 12:04:44.631,100,42,1410,1410,100
 2024/04/25 12:04:46.761,100,47,1410,1410,100
 2024/04/25 12:04:48.882,100,44,1410,1410,100
 2024/04/25 12:04:50.984,100,42,1410,1410,100
 2024/04/25 12:04:53.069,99,36,1410,1410,99
 2024/04/25 12:04:55.153,100,39,1410,1410,100
 2024/04/25 12:04:57.219,100,33,1410,1410,100
 2024/04/25 12:04:59.282,100,36,1410,1410,100
 2024/04/25 12:05:01.342,100,38,1410,1410,100
 2024/04/25 12:05:03.416,100,31,1410,1410,100
 2024/04/25 12:05:05.471,100,52,1410,1410,100
 2024/04/25 12:05:07.577,100,35,1410,1410,100
 2024/04/25 12:05:09.655,100,39,1410,1410,100
 2024/04/25 12:05:11.730,100,35,1410,1410,100
 2024/04/25 12:05:13.837,100,42,1410,1410,100
 2024/04/25 12:05:15.922,100,37,1410,1410,100
 2024/04/25 12:05:18.027,97,35,1410,1410,97
 2024/04/25 12:05:20.086,100,53,1410,1410,100
 2024/04/25 12:05:22.167,100,45,1410,1410,100
 2024/04/25 12:05:24.272,100,30,1410,1410,100
 2024/04/25 12:05:26.399,100,47,1410,1410,100
 2024/04/25 12:05:28.507,100,50,1410,1410,100
 2024/04/25 12:05:30.570,100,51,1410,1410,100
 2024/04/25 12:05:32.692,100,50,1410,1410,100
 2024/04/25 12:05:34.780,100,47,1410,1410,100
 2024/04/25 12:05:36.847,100,49,1410,1410,100
 2024/04/25 12:05:38.905,100,46,1410,1410,100
 2024/04/25 12:05:40.981,100,53,1410,1410,100
 2024/04/25 12:05:43.068,100,51,1410,1410,100
 2024/04/25 12:05:45.176,100,60,1410,1410,100
 2024/04/25 12:05:47.288,100,54,1410,1410,100
 2024/04/25 12:05:49.364,100,56,1410,1410,100
 2024/04/25 12:05:51.449,90,74,1410,1410,90
 2024/04/25 12:05:53.526,77,60,1140,1410,62.25531915
 2024/04/25 12:05:55.590,100,56,1410,1410,100
 2024/04/25 12:05:57.680,100,54,1410,1410,100
 2024/04/25 12:05:59.744,100,50,1410,1410,100
 2024/04/25 12:06:01.811,100,57,1410,1410,100
 2024/04/25 12:06:03.875,100,60,1410,1410,100
 2024/04/25 12:06:05.973,100,48,1410,1410,100
 2024/04/25 12:06:08.054,100,59,1410,1410,100
 2024/04/25 12:06:10.176,99,37,1410,1410,99
 2024/04/25 12:06:12.288,100,42,1410,1410,100
 2024/04/25 12:06:14.408,100,62,1410,1410,100
 2024/04/25 12:06:16.512,100,59,1410,1410,100
 2024/04/25 12:06:18.580,100,53,1410,1410,100
 2024/04/25 12:06:20.641,99,51,1410,1410,99
 2024/04/25 12:06:22.710,100,53,1410,1410,100
 2024/04/25 12:06:24.814,100,53,1410,1410,100
 2024/04/25 12:06:26.878,99,53,1410,1410,99
 2024/04/25 12:06:28.975,100,43,1410,1410,100
 2024/04/25 12:06:31.039,100,44,1410,1410,100
 2024/04/25 12:06:33.098,100,36,1410,1410,100
 2024/04/25 12:06:35.190,100,46,1410,1410,100
 2024/04/25 12:06:37.314,100,43,1410,1410,100
 2024/04/25 12:06:39.402,100,48,1410,1410,100
 2024/04/25 12:06:41.487,100,47,1410,1410,100
 2024/04/25 12:06:43.570,100,50,1410,1410,100
 2024/04/25 12:06:45.630,100,48,1410,1410,100
 2024/04/25 12:06:47.689,99,38,1410,1410,99
 2024/04/25 12:06:49.792,100,45,1410,1410,100
 2024/04/25 12:06:51.907,100,24,1410,1410,100
 2024/04/25 12:06:54.021,100,43,1410,1410,100
 2024/04/25 12:06:56.134,100,35,1410,1410,100
 2024/04/25 12:06:58.236,100,36,1410,1410,100
 2024/04/25 12:07:00.344,100,31,1410,1410,100
 2024/04/25 12:07:02.798,100,46,1410,1410,100
 2024/04/25 12:07:04.976,100,46,1410,1410,100
 2024/04/25 12:07:07.087,99,57,1410,1410,99
 2024/04/25 12:07:09.147,100,44,1410,1410,100
 2024/04/25 12:07:11.255,100,56,1410,1410,100
 2024/04/25 12:07:13.355,100,45,1410,1410,100
 2024/04/25 12:07:15.460,99,46,1410,1410,99
 2024/04/25 12:07:17.567,100,39,1335,1410,94.68085106
 2024/04/25 12:07:19.642,100,57,1410,1410,100
 2024/04/25 12:07:21.724,100,51,1410,1410,100
 2024/04/25 12:07:23.796,100,58,1410,1410,100
 2024/04/25 12:07:25.852,100,58,1410,1410,100
 2024/04/25 12:07:27.958,98,42,1410,1410,98
 2024/04/25 12:07:30.039,100,29,1410,1410,100
 2024/04/25 12:07:32.142,100,57,1410,1410,100
 2024/04/25 12:07:34.247,100,54,1410,1410,100
 2024/04/25 12:07:36.342,100,58,1410,1410,100
 2024/04/25 12:07:38.467,100,49,1410,1410,100
 2024/04/25 12:07:40.576,100,51,1410,1410,100
 2024/04/25 12:07:42.666,100,49,1410,1410,100
 2024/04/25 12:07:44.742,100,49,1410,1410,100
 2024/04/25 12:07:46.803,100,49,1410,1410,100
 2024/04/25 12:07:48.906,99,44,1410,1410,99
 2024/04/25 12:07:50.976,100,60,1410,1410,100
 2024/04/25 12:07:53.073,100,55,1410,1410,100
 2024/04/25 12:07:55.183,99,51,1410,1410,99
 2024/04/25 12:07:57.252,100,52,1410,1410,100
 2024/04/25 12:07:59.318,66,53,1380,1410,64.59574468
 2024/04/25 12:08:01.424,89,74,1410,1410,89
 2024/04/25 12:08:03.527,100,54,1410,1410,100
 2024/04/25 12:08:05.588,100,48,1410,1410,100
 2024/04/25 12:08:07.700,100,60,1410,1410,100
 2024/04/25 12:08:09.795,100,56,1410,1410,100
 2024/04/25 12:08:11.874,99,53,1410,1410,99
 2024/04/25 12:08:13.944,100,56,1410,1410,100
 2024/04/25 12:08:16.042,100,48,1410,1410,100
 2024/04/25 12:08:18.119,100,46,1410,1410,100
 2024/04/25 12:08:20.182,100,47,1410,1410,100
 2024/04/25 12:08:22.244,100,60,1410,1410,100
 2024/04/25 12:08:24.366,100,51,1410,1410,100
 2024/04/25 12:08:26.431,100,43,1410,1410,100
 2024/04/25 12:08:28.530,100,57,1410,1410,100
 2024/04/25 12:08:30.643,100,53,1410,1410,100
 2024/04/25 12:08:32.755,100,52,1410,1410,100
 2024/04/25 12:08:34.864,100,55,1410,1410,100
 2024/04/25 12:08:36.969,100,59,1410,1410,100
 2024/04/25 12:08:39.035,100,46,1410,1410,100
 2024/04/25 12:08:41.138,100,62,1410,1410,100
 2024/04/25 12:08:43.234,100,30,1410,1410,100
 2024/04/25 12:08:45.334,100,43,1410,1410,100
 2024/04/25 12:08:47.409,100,36,1410,1410,100
 2024/04/25 12:08:49.494,100,45,1410,1410,100
 2024/04/25 12:08:51.601,100,42,1410,1410,100
 2024/04/25 12:08:53.697,100,43,1410,1410,100
 2024/04/25 12:08:55.801,100,28,1410,1410,100
 2024/04/25 12:08:57.898,100,40,1410,1410,100
 2024/04/25 12:08:59.997,100,34,1410,1410,100
 2024/04/25 12:09:02.105,100,27,1410,1410,100
 2024/04/25 12:09:04.204,100,38,1410,1410,100
 2024/04/25 12:09:06.304,100,31,1410,1410,100
 2024/04/25 12:09:08.390,100,45,1410,1410,100
 2024/04/25 12:09:10.468,100,35,1410,1410,100
 2024/04/25 12:09:12.532,100,47,1410,1410,100
 2024/04/25 12:09:14.613,100,54,1410,1410,100
 2024/04/25 12:09:16.717,100,62,1410,1410,100
 2024/04/25 12:09:18.824,100,44,1410,1410,100
 2024/04/25 12:09:20.905,100,45,1350,1410,95.74468085
 2024/04/25 12:09:23.015,100,50,1410,1410,100
 2024/04/25 12:09:25.119,100,48,1410,1410,100
 2024/04/25 12:09:27.194,100,46,1410,1410,100
 2024/04/25 12:09:29.292,100,47,1410,1410,100
 2024/04/25 12:09:31.414,100,64,1410,1410,100
 2024/04/25 12:09:33.496,100,60,1410,1410,100
 2024/04/25 12:09:35.571,100,52,1410,1410,100
 2024/04/25 12:09:37.630,100,60,1410,1410,100
 2024/04/25 12:09:39.710,100,64,1410,1410,100
 2024/04/25 12:09:41.804,100,55,1410,1410,100
 2024/04/25 12:09:43.911,100,46,1410,1410,100
 2024/04/25 12:09:46.016,100,50,1410,1410,100
 2024/04/25 12:09:48.095,100,65,1410,1410,100
 2024/04/25 12:09:50.196,100,54,1410,1410,100
 2024/04/25 12:09:52.302,99,46,1410,1410,99
 2024/04/25 12:09:54.391,100,62,1410,1410,100
 2024/04/25 12:09:56.508,100,60,1410,1410,100
 2024/04/25 12:09:58.581,100,57,1410,1410,100
 2024/04/25 12:10:00.644,100,55,1410,1410,100
 2024/04/25 12:10:02.708,99,53,1410,1410,99
 2024/04/25 12:10:04.766,100,53,1410,1410,100
 2024/04/25 12:10:06.832,73,51,1410,1410,73
 2024/04/25 12:10:08.936,90,73,1410,1410,90
 2024/04/25 12:10:11.040,100,56,1320,1410,93.61702128
 2024/04/25 12:10:13.137,100,46,1380,1410,97.87234043
 2024/04/25 12:10:15.240,100,53,1395,1410,98.93617021
 2024/04/25 12:10:17.325,100,47,1380,1410,97.87234043
 2024/04/25 12:10:19.384,100,60,1365,1410,96.80851064
 2024/04/25 12:10:21.454,100,48,1380,1410,97.87234043
 2024/04/25 12:10:23.537,100,56,1395,1410,98.93617021
 2024/04/25 12:10:25.621,100,56,1365,1410,96.80851064
 2024/04/25 12:10:27.701,100,51,1320,1410,93.61702128
 2024/04/25 12:10:29.787,100,50,1320,1410,93.61702128
 2024/04/25 12:10:31.867,100,46,1395,1410,98.93617021
 2024/04/25 12:10:33.938,100,53,1395,1410,98.93617021
 2024/04/25 12:10:36.034,100,36,1395,1410,98.93617021
 2024/04/25 12:10:38.117,100,53,1365,1410,96.80851064
 2024/04/25 12:10:40.217,100,53,1380,1410,97.87234043
 2024/04/25 12:10:42.314,100,40,1365,1410,96.80851064
 2024/04/25 12:10:44.416,100,50,1410,1410,100
 2024/04/25 12:10:46.521,100,49,1380,1410,97.87234043
 2024/04/25 12:10:48.629,100,45,1395,1410,98.93617021
 2024/04/25 12:10:50.693,99,60,1380,1410,96.89361702
 2024/04/25 12:10:52.757,100,48,1350,1410,95.74468085
 2024/04/25 12:10:54.825,100,53,1410,1410,100
 2024/04/25 12:10:56.916,100,47,1395,1410,98.93617021
 2024/04/25 12:10:59.000,100,63,1350,1410,95.74468085
 2024/04/25 12:11:01.088,100,48,1350,1410,95.74468085
 2024/04/25 12:11:03.179,100,53,1365,1410,96.80851064
 2024/04/25 12:11:05.279,100,51,1335,1410,94.68085106
 2024/04/25 12:11:07.384,100,53,1365,1410,96.80851064
 2024/04/25 12:11:09.448,100,51,1395,1410,98.93617021
 2024/04/25 12:11:11.576,100,57,1365,1410,96.80851064
 2024/04/25 12:11:13.662,100,60,1350,1410,95.74468085
 2024/04/25 12:11:15.775,99,47,1380,1410,96.89361702
 2024/04/25 12:11:17.855,100,52,1395,1410,98.93617021
 2024/04/25 12:11:19.962,100,57,1350,1410,95.74468085
 2024/04/25 12:11:22.027,100,53,1350,1410,95.74468085
 2024/04/25 12:11:24.128,100,60,1305,1410,92.55319149
 2024/04/25 12:11:26.270,100,45,1335,1410,94.68085106
 2024/04/25 12:11:28.357,100,57,1395,1410,98.93617021
 2024/04/25 12:11:30.465,100,54,1395,1410,98.93617021
 2024/04/25 12:11:32.575,100,30,1410,1410,100
 2024/04/25 12:11:34.658,100,41,1410,1410,100
 2024/04/25 12:11:36.760,100,36,1410,1410,100
 2024/04/25 12:11:38.857,100,41,1410,1410,100
 2024/04/25 12:11:40.955,100,40,1410,1410,100
 2024/04/25 12:11:43.057,100,40,1410,1410,100
 2024/04/25 12:11:45.139,100,46,1410,1410,100
 2024/04/25 12:11:47.238,100,41,1410,1410,100
 2024/04/25 12:11:49.349,100,40,1410,1410,100
 2024/04/25 12:11:51.470,100,41,1410,1410,100
 2024/04/25 12:11:53.572,100,40,1410,1410,100
 2024/04/25 12:11:55.668,100,39,1410,1410,100
 2024/04/25 12:11:57.769,99,43,1410,1410,99
 2024/04/25 12:11:59.870,94,47,1410,1410,94
 2024/04/25 12:12:01.971,100,61,1335,1410,94.68085106
 2024/04/25 12:12:04.064,100,49,1395,1410,98.93617021
 2024/04/25 12:12:06.149,100,59,1410,1410,100
 2024/04/25 12:12:08.260,100,38,1410,1410,100
 2024/04/25 12:12:10.377,100,44,1410,1410,100
 2024/04/25 12:12:12.481,100,38,1410,1410,100
 2024/04/25 12:12:14.560,100,44,1410,1410,100
 2024/04/25 12:12:16.658,100,42,1410,1410,100
 2024/04/25 12:12:18.765,100,45,1410,1410,100
 2024/04/25 12:12:20.867,100,41,1410,1410,100
 2024/04/25 12:12:22.981,100,42,1410,1410,100
 2024/04/25 12:12:25.087,100,39,1410,1410,100
 2024/04/25 12:12:27.212,100,43,1410,1410,100
 2024/04/25 12:12:29.314,100,33,1410,1410,100
 2024/04/25 12:12:31.402,100,38,1410,1410,100
 2024/04/25 12:12:33.507,100,44,1410,1410,100
 2024/04/25 12:12:35.606,100,36,1410,1410,100
 2024/04/25 12:12:37.708,100,55,1395,1410,98.93617021
 2024/04/25 12:12:39.784,100,59,1335,1410,94.68085106
 2024/04/25 12:12:41.882,99,48,1380,1410,96.89361702
 2024/04/25 12:12:44.017,100,58,1395,1410,98.93617021
 2024/04/25 12:12:46.113,100,51,1380,1410,97.87234043
 2024/04/25 12:12:48.220,100,47,1365,1410,96.80851064
 2024/04/25 12:12:50.310,100,46,1395,1410,98.93617021
 2024/04/25 12:12:52.407,100,58,1380,1410,97.87234043
 2024/04/25 12:12:54.507,100,45,1350,1410,95.74468085
 2024/04/25 12:12:56.587,100,44,1395,1410,98.93617021
 2024/04/25 12:12:58.697,100,61,1365,1410,96.80851064
 2024/04/25 12:13:00.757,100,44,1350,1410,95.74468085
 2024/04/25 12:13:02.873,100,46,1365,1410,96.80851064
 2024/04/25 12:13:04.944,100,53,1395,1410,98.93617021
 2024/04/25 12:13:07.008,100,52,1380,1410,97.87234043
 2024/04/25 12:13:09.069,100,58,1410,1410,100
 2024/04/25 12:13:11.128,100,46,1410,1410,100
 2024/04/25 12:13:13.192,100,60,1365,1410,96.80851064
 2024/04/25 12:13:15.278,100,48,1410,1410,100
 2024/04/25 12:13:17.370,100,56,1365,1410,96.80851064
 2024/04/25 12:13:19.476,100,45,1260,1410,89.36170213
 2024/04/25 12:13:21.580,100,46,1395,1410,98.93617021
 2024/04/25 12:13:23.680,100,60,1365,1410,96.80851064
 2024/04/25 12:13:25.750,100,47,1380,1410,97.87234043
 2024/04/25 12:13:27.833,100,48,1410,1410,100
 2024/04/25 12:13:29.939,100,55,1365,1410,96.80851064
 2024/04/25 12:13:32.052,100,46,1350,1410,95.74468085
 2024/04/25 12:13:34.141,99,39,1395,1410,97.94680851
 2024/04/25 12:13:36.240,100,59,1365,1410,96.80851064
 2024/04/25 12:13:38.318,100,61,1305,1410,92.55319149
 2024/04/25 12:13:40.411,100,46,1395,1410,98.93617021
 2024/04/25 12:13:42.547,100,57,1350,1410,95.74468085
 2024/04/25 12:13:44.655,100,55,1365,1410,96.80851064
 2024/04/25 12:13:46.752,100,56,1350,1410,95.74468085
 2024/04/25 12:13:48.859,100,58,1365,1410,96.80851064
 2024/04/25 12:13:50.960,65,40,1410,1410,65
 2024/04/25 12:13:53.062,99,46,1395,1410,97.94680851
 2024/04/25 12:13:55.132,100,59,1365,1410,96.80851064
 2024/04/25 12:13:57.197,100,48,1395,1410,98.93617021
 2024/04/25 12:13:59.259,100,47,1380,1410,97.87234043
 2024/04/25 12:14:01.320,100,52,1395,1410,98.93617021
 2024/04/25 12:14:03.382,100,56,1365,1410,96.80851064
 2024/04/25 12:14:05.460,100,45,1365,1410,96.80851064
 2024/04/25 12:14:07.520,100,61,1350,1410,95.74468085
 2024/04/25 12:14:09.579,100,54,1395,1410,98.93617021
 2024/04/25 12:14:11.679,100,60,1350,1410,95.74468085
 2024/04/25 12:14:13.783,100,56,1395,1410,98.93617021
 2024/04/25 12:14:15.894,100,59,1380,1410,97.87234043
 2024/04/25 12:14:17.986,100,52,1395,1410,98.93617021
 2024/04/25 12:14:20.078,100,49,1365,1410,96.80851064
 2024/04/25 12:14:22.157,100,46,1365,1410,96.80851064
 2024/04/25 12:14:24.226,100,61,1380,1410,97.87234043
 2024/04/25 12:14:26.291,100,49,1410,1410,100
 2024/04/25 12:14:28.404,100,55,1365,1410,96.80851064
 2024/04/25 12:14:30.463,100,44,1380,1410,97.87234043
 2024/04/25 12:14:32.549,100,52,1365,1410,96.80851064
 2024/04/25 12:14:34.646,100,52,1395,1410,98.93617021
 2024/04/25 12:14:36.714,100,52,1365,1410,96.80851064
 2024/04/25 12:14:38.823,100,45,1380,1410,97.87234043
 2024/04/25 12:14:40.924,100,50,1395,1410,98.93617021
 2024/04/25 12:14:43.015,100,45,1365,1410,96.80851064
 2024/04/25 12:14:45.120,100,49,1350,1410,95.74468085
 2024/04/25 12:14:47.219,100,49,1365,1410,96.80851064
 2024/04/25 12:14:49.312,100,56,1365,1410,96.80851064
 2024/04/25 12:14:51.397,100,44,1380,1410,97.87234043
 2024/04/25 12:14:53.456,100,46,1395,1410,98.93617021
 2024/04/25 12:14:55.515,100,57,1365,1410,96.80851064
 2024/04/25 12:14:57.577,100,52,1395,1410,98.93617021
 2024/04/25 12:14:59.644,100,55,1350,1410,95.74468085
 2024/04/25 12:15:01.743,99,47,1380,1410,96.89361702
 2024/04/25 12:15:03.851,100,45,1380,1410,97.87234043
 2024/04/25 12:15:05.939,100,45,1410,1410,100
 2024/04/25 12:15:08.044,100,59,1365,1410,96.80851064
 2024/04/25 12:15:10.138,100,46,1410,1410,100
 2024/04/25 12:15:12.227,100,56,1365,1410,96.80851064
 2024/04/25 12:15:14.332,100,44,1410,1410,100
 2024/04/25 12:15:16.391,100,59,1350,1410,95.74468085
 2024/04/25 12:15:18.472,100,51,1365,1410,96.80851064
 2024/04/25 12:15:20.579,100,61,1395,1410,98.93617021
 2024/04/25 12:15:22.676,100,59,1395,1410,98.93617021
 2024/04/25 12:15:24.786,70,58,1395,1410,69.25531915
 2024/04/25 12:15:26.867,100,57,1365,1410,96.80851064
 2024/04/25 12:15:28.927,100,55,1335,1410,94.68085106
 2024/04/25 12:15:31.038,100,44,1365,1410,96.80851064
 2024/04/25 12:15:33.147,100,56,1350,1410,95.74468085
 2024/04/25 12:15:35.254,87,73,1410,1410,87
 2024/04/25 12:15:37.325,100,58,1365,1410,96.80851064
 2024/04/25 12:15:40.015,100,48,1365,1410,96.80851064
 2024/04/25 12:15:42.120,100,51,1365,1410,96.80851064
 2024/04/25 12:15:44.602,100,58,1350,1410,95.74468085
 2024/04/25 12:15:46.696,100,61,1320,1410,93.61702128
 2024/04/25 12:15:48.803,100,48,1395,1410,98.93617021
 2024/04/25 12:15:50.906,100,51,1305,1410,92.55319149
 2024/04/25 12:15:52.993,100,47,1395,1410,98.93617021
 2024/04/25 12:15:56.004,100,56,1380,1410,97.87234043
 2024/04/25 12:15:58.106,100,41,1395,1410,98.93617021
 2024/04/25 12:16:00.197,100,50,1365,1410,96.80851064
 2024/04/25 12:16:02.295,100,45,1395,1410,98.93617021
 2024/04/25 12:16:05.157,100,64,1365,1410,96.80851064
 2024/04/25 12:16:07.454,100,49,1365,1410,96.80851064
 2024/04/25 12:16:09.532,100,51,1395,1410,98.93617021
 2024/04/25 12:16:11.640,100,60,1365,1410,96.80851064
 2024/04/25 12:16:13.736,100,59,1410,1410,100
 2024/04/25 12:16:16.609,100,54,1380,1410,97.87234043
 2024/04/25 12:16:18.857,100,43,1410,1410,100
 2024/04/25 12:16:21.122,100,39,1410,1410,100
 2024/04/25 12:16:23.415,100,48,1410,1410,100
 2024/04/25 12:16:25.715,100,49,1410,1410,100
 2024/04/25 12:16:28.015,100,41,1410,1410,100
 2024/04/25 12:16:30.311,100,43,1410,1410,100
 2024/04/25 12:16:32.614,100,44,1410,1410,100
 2024/04/25 12:16:34.907,100,45,1410,1410,100
 2024/04/25 12:16:37.204,100,33,1410,1410,100
 2024/04/25 12:16:39.498,100,35,1410,1410,100
 2024/04/25 12:16:41.779,100,47,1410,1410,100
 2024/04/25 12:16:44.081,100,34,1410,1410,100
 2024/04/25 12:16:46.351,100,41,1410,1410,100
 2024/04/25 12:16:48.647,100,43,1410,1410,100
 2024/04/25 12:16:50.923,100,44,1395,1410,98.93617021
 2024/04/25 12:16:53.209,100,48,1395,1410,98.93617021
 2024/04/25 12:16:55.536,100,46,1410,1410,100
 2024/04/25 12:16:57.641,100,55,1380,1410,97.87234043
 2024/04/25 12:16:59.738,100,45,1395,1410,98.93617021
 2024/04/25 12:17:01.810,100,54,1335,1410,94.68085106
 2024/04/25 12:17:03.884,100,47,1410,1410,100
 2024/04/25 12:17:05.962,100,61,1380,1410,97.87234043
 2024/04/25 12:17:08.039,100,51,1395,1410,98.93617021
 2024/04/25 12:17:10.139,100,57,1335,1410,94.68085106
 2024/04/25 12:17:12.238,100,44,1410,1410,100
 2024/04/25 12:17:15.515,100,58,1380,1410,97.87234043
 2024/04/25 12:17:17.609,100,55,1365,1410,96.80851064
 2024/04/25 12:17:19.717,100,55,1365,1410,96.80851064
 2024/04/25 12:17:21.814,100,57,1335,1410,94.68085106
 2024/04/25 12:17:23.907,100,56,1365,1410,96.80851064
 2024/04/25 12:17:25.985,90,75,1410,1410,90
 2024/04/25 12:17:28.089,100,40,1305,1410,92.55319149
 2024/04/25 12:17:30.162,100,57,1365,1410,96.80851064
 2024/04/25 12:17:32.265,100,56,1380,1410,97.87234043
 2024/04/25 12:17:34.351,100,46,1350,1410,95.74468085
 2024/04/25 12:17:37.173,100,54,1365,1410,96.80851064
 2024/04/25 12:17:39.279,100,50,1380,1410,97.87234043
 2024/04/25 12:17:41.376,100,60,1395,1410,98.93617021
 2024/04/25 12:17:43.457,100,51,1380,1410,97.87234043
 2024/04/25 12:17:45.535,100,47,1395,1410,98.93617021
 2024/04/25 12:17:47.619,100,58,1380,1410,97.87234043
 2024/04/25 12:17:49.720,100,48,1395,1410,98.93617021
 2024/04/25 12:17:51.801,100,59,1365,1410,96.80851064
 2024/04/25 12:17:53.895,100,56,1380,1410,97.87234043
 2024/04/25 12:17:55.998,100,62,1365,1410,96.80851064
 2024/04/25 12:17:58.078,100,54,1365,1410,96.80851064
 2024/04/25 12:18:00.167,100,43,1410,1410,100
 2024/04/25 12:18:02.251,100,53,1350,1410,95.74468085
 2024/04/25 12:18:05.169,100,43,1410,1410,100
 2024/04/25 12:18:07.267,100,57,1350,1410,95.74468085
 2024/04/25 12:18:09.353,100,47,1380,1410,97.87234043
 2024/04/25 12:18:11.430,100,46,1350,1410,95.74468085
 2024/04/25 12:18:13.522,100,46,1365,1410,96.80851064
 2024/04/25 12:18:15.628,100,48,1380,1410,97.87234043
 2024/04/25 12:18:17.705,100,60,1380,1410,97.87234043
 2024/04/25 12:18:19.792,100,50,1410,1410,100
 2024/04/25 12:18:21.884,100,62,1365,1410,96.80851064
 2024/04/25 12:18:23.989,100,55,1395,1410,98.93617021
 2024/04/25 12:18:26.319,100,54,1365,1410,96.80851064
 2024/04/25 12:18:28.632,100,48,1350,1410,95.74468085
 2024/04/25 12:18:30.943,100,60,1335,1410,94.68085106
 2024/04/25 12:18:33.044,100,51,1395,1410,98.93617021
 2024/04/25 12:18:35.478,100,47,1395,1410,98.93617021
 2024/04/25 12:18:37.577,99,55,1335,1410,93.73404255
 2024/04/25 12:18:39.673,100,46,1395,1410,98.93617021
 2024/04/25 12:18:41.754,100,54,1365,1410,96.80851064
 2024/04/25 12:18:43.838,100,47,1395,1410,98.93617021
 2024/04/25 12:18:45.895,100,55,1365,1410,96.80851064
 2024/04/25 12:18:47.988,100,60,1365,1410,96.80851064
 2024/04/25 12:18:51.152,100,60,1365,1410,96.80851064
 2024/04/25 12:18:53.421,100,49,1365,1410,96.80851064
 2024/04/25 12:18:55.736,100,45,1395,1410,98.93617021
 2024/04/25 12:18:58.070,100,52,1335,1410,94.68085106
 2024/04/25 12:19:00.151,100,59,1380,1410,97.87234043
 2024/04/25 12:19:02.255,100,56,1380,1410,97.87234043
 2024/04/25 12:19:04.349,100,58,1380,1410,97.87234043
 2024/04/25 12:19:06.432,100,57,1350,1410,95.74468085
 2024/04/25 12:19:08.539,92,78,1410,1410,92
 2024/04/25 12:19:10.603,92,78,1410,1410,92
 2024/04/25 12:19:12.704,99,53,1410,1410,99
 2024/04/25 12:19:14.819,100,50,1365,1410,96.80851064
 2024/04/25 12:19:16.917,100,49,1365,1410,96.80851064
 2024/04/25 12:19:19.008,100,59,1380,1410,97.87234043
 2024/04/25 12:19:21.111,100,55,1395,1410,98.93617021
 2024/04/25 12:19:23.209,100,63,1350,1410,95.74468085
 2024/04/25 12:19:25.318,100,59,1395,1410,98.93617021
 2024/04/25 12:19:27.394,100,56,1410,1410,100
 2024/04/25 12:19:29.476,100,63,1350,1410,95.74468085
 2024/04/25 12:19:31.557,100,61,1380,1410,97.87234043
 2024/04/25 12:19:33.649,100,59,1395,1410,98.93617021
 2024/04/25 12:19:35.728,100,55,1350,1410,95.74468085
 2024/04/25 12:19:37.840,100,58,1365,1410,96.80851064
 2024/04/25 12:19:39.936,100,49,1395,1410,98.93617021
 2024/04/25 12:19:43.030,100,52,1410,1410,100
 2024/04/25 12:19:45.122,100,52,1380,1410,97.87234043
 2024/04/25 12:19:47.218,100,52,1380,1410,97.87234043
 2024/04/25 12:19:49.299,100,51,1395,1410,98.93617021
 2024/04/25 12:19:51.384,100,51,1365,1410,96.80851064
 2024/04/25 12:19:53.485,100,50,1380,1410,97.87234043
 2024/04/25 12:19:55.543,100,38,1395,1410,98.93617021
 2024/04/25 12:19:57.737,100,50,1380,1410,97.87234043
 2024/04/25 12:19:59.821,100,55,1380,1410,97.87234043
 2024/04/25 12:20:01.924,100,59,1395,1410,98.93617021
 2024/04/25 12:20:04.359,100,50,1365,1410,96.80851064
 2024/04/25 12:20:06.467,100,49,1410,1410,100
 2024/04/25 12:20:08.569,100,47,1365,1410,96.80851064
 2024/04/25 12:20:10.655,100,51,1395,1410,98.93617021
 2024/04/25 12:20:12.749,100,46,1395,1410,98.93617021
 2024/04/25 12:20:14.826,100,53,1380,1410,97.87234043
 2024/04/25 12:20:16.899,100,48,1395,1410,98.93617021
 2024/04/25 12:20:18.996,100,47,1365,1410,96.80851064
 2024/04/25 12:20:21.120,100,56,1380,1410,97.87234043
 2024/04/25 12:20:23.200,100,38,1305,1410,92.55319149
 2024/04/25 12:20:25.678,100,53,1395,1410,98.93617021
 2024/04/25 12:20:27.998,100,56,1395,1410,98.93617021
 2024/04/25 12:20:30.099,86,73,1410,1410,86
 2024/04/25 12:20:32.202,100,61,1380,1410,97.87234043
 2024/04/25 12:20:34.312,100,60,1365,1410,96.80851064
 2024/04/25 12:20:36.392,100,60,1350,1410,95.74468085
 2024/04/25 12:20:38.504,90,73,1410,1410,90
 2024/04/25 12:20:41.470,96,54,1410,1410,96
 2024/04/25 12:20:43.750,100,36,1410,1410,100
 2024/04/25 12:20:45.989,100,40,1410,1410,100
 2024/04/25 12:20:48.087,100,47,1410,1410,100
 2024/04/25 12:20:50.508,100,40,1410,1410,100
 2024/04/25 12:20:52.807,100,47,1410,1410,100
 2024/04/25 12:20:55.095,100,44,1410,1410,100
 2024/04/25 12:20:57.395,100,34,1410,1410,100
 2024/04/25 12:20:59.676,100,33,1410,1410,100
 2024/04/25 12:21:02.004,100,35,1410,1410,100
 2024/04/25 12:21:04.284,100,46,1410,1410,100
 2024/04/25 12:21:06.575,100,34,1410,1410,100
 2024/04/25 12:21:08.862,100,43,1410,1410,100
 2024/04/25 12:21:11.133,100,43,1410,1410,100
 2024/04/25 12:21:13.246,100,55,1365,1410,96.80851064
 2024/04/25 12:21:15.354,100,54,1395,1410,98.93617021
 2024/04/25 12:21:17.455,100,47,1395,1410,98.93617021
 2024/04/25 12:21:19.559,100,60,1335,1410,94.68085106
 2024/04/25 12:21:21.645,100,59,1380,1410,97.87234043
 2024/04/25 12:21:23.757,100,48,1395,1410,98.93617021
 2024/04/25 12:21:25.884,100,51,1365,1410,96.80851064
 2024/04/25 12:21:27.982,100,52,1380,1410,97.87234043
 2024/04/25 12:21:30.083,100,49,1395,1410,98.93617021
 2024/04/25 12:21:32.186,100,47,1350,1410,95.74468085
 2024/04/25 12:21:34.271,99,51,1335,1410,93.73404255
 2024/04/25 12:21:36.348,100,50,1395,1410,98.93617021
 2024/04/25 12:21:38.447,100,36,1410,1410,100
 2024/04/25 12:21:40.546,100,60,1380,1410,97.87234043
 2024/04/25 12:21:42.647,100,61,1395,1410,98.93617021
 2024/04/25 12:21:44.976,100,54,1380,1410,97.87234043
 2024/04/25 12:21:47.302,100,59,1365,1410,96.80851064
 2024/04/25 12:21:49.417,100,41,1395,1410,98.93617021
 2024/04/25 12:21:51.529,100,48,1395,1410,98.93617021
 2024/04/25 12:21:53.608,100,48,1395,1410,98.93617021
 2024/04/25 12:21:55.707,100,53,1395,1410,98.93617021
 2024/04/25 12:21:57.809,100,51,1290,1410,91.4893617
 2024/04/25 12:21:59.906,100,58,1365,1410,96.80851064
 2024/04/25 12:22:02.007,100,56,1395,1410,98.93617021
 2024/04/25 12:22:05.193,100,55,1395,1410,98.93617021
 2024/04/25 12:22:07.291,100,59,1380,1410,97.87234043
 2024/04/25 12:22:09.386,100,57,1380,1410,97.87234043
 2024/04/25 12:22:11.487,100,59,1350,1410,95.74468085
 2024/04/25 12:22:13.588,90,73,1410,1410,90
 2024/04/25 12:22:15.686,89,72,1410,1410,89
 2024/04/25 12:22:17.800,100,60,1320,1410,93.61702128
 2024/04/25 12:22:19.880,100,48,1395,1410,98.93617021
 2024/04/25 12:22:21.980,100,49,1365,1410,96.80851064
 2024/04/25 12:22:24.086,100,47,1365,1410,96.80851064
 2024/04/25 12:22:26.144,100,48,1395,1410,98.93617021
 2024/04/25 12:22:28.255,100,61,1365,1410,96.80851064
 2024/04/25 12:22:30.353,100,50,1395,1410,98.93617021
 2024/04/25 12:22:32.442,100,37,1395,1410,98.93617021
 2024/04/25 12:22:34.544,100,51,1260,1410,89.36170213
 2024/04/25 12:22:36.643,100,59,1365,1410,96.80851064
 2024/04/25 12:22:38.738,100,58,1380,1410,97.87234043
 2024/04/25 12:22:40.827,100,58,1395,1410,98.93617021
 2024/04/25 12:22:42.926,100,53,1410,1410,100
 2024/04/25 12:22:45.024,100,42,1290,1410,91.4893617
 2024/04/25 12:22:47.134,100,60,1395,1410,98.93617021
 2024/04/25 12:22:49.204,100,58,1335,1410,94.68085106
 2024/04/25 12:22:51.308,100,49,1350,1410,95.74468085
 2024/04/25 12:22:53.406,100,48,1380,1410,97.87234043
 2024/04/25 12:22:55.483,100,58,1395,1410,98.93617021
 2024/04/25 12:22:58.396,100,51,1320,1410,93.61702128
 2024/04/25 12:23:00.692,100,51,1410,1410,100
 2024/04/25 12:23:02.993,100,53,1395,1410,98.93617021
 2024/04/25 12:23:05.116,100,62,1365,1410,96.80851064
 2024/04/25 12:23:07.223,100,62,1365,1410,96.80851064
 2024/04/25 12:23:09.339,100,51,1410,1410,100
 2024/04/25 12:23:11.434,100,51,1380,1410,97.87234043
 2024/04/25 12:23:13.526,100,51,1350,1410,95.74468085
 2024/04/25 12:23:15.635,100,55,1395,1410,98.93617021
 2024/04/25 12:23:17.733,100,46,1410,1410,100
 2024/04/25 12:23:19.915,100,51,1320,1410,93.61702128
 2024/04/25 12:23:22.225,100,48,1395,1410,98.93617021
 2024/04/25 12:23:24.564,100,61,1395,1410,98.93617021
 2024/04/25 12:23:26.901,100,55,1380,1410,97.87234043
 2024/04/25 12:23:29.262,100,59,1365,1410,96.80851064
 2024/04/25 12:23:31.350,100,52,1395,1410,98.93617021
 2024/04/25 12:23:33.445,86,73,1410,1410,86
 2024/04/25 12:23:35.556,100,60,1365,1410,96.80851064
 2024/04/25 12:23:37.653,100,61,1365,1410,96.80851064
 2024/04/25 12:23:39.738,100,59,1365,1410,96.80851064
 2024/04/25 12:23:41.800,91,72,1410,1410,91
 2024/04/25 12:23:44.912,100,57,1365,1410,96.80851064
 2024/04/25 12:23:47.012,100,61,1365,1410,96.80851064
 2024/04/25 12:23:49.114,100,47,1395,1410,98.93617021
 2024/04/25 12:23:51.194,100,46,1395,1410,98.93617021
 2024/04/25 12:23:53.293,100,58,1365,1410,96.80851064
 2024/04/25 12:23:55.383,100,58,1380,1410,97.87234043
 2024/04/25 12:23:57.476,100,59,1395,1410,98.93617021
 2024/04/25 12:23:59.553,100,59,1395,1410,98.93617021
 2024/04/25 12:24:01.636,100,51,1350,1410,95.74468085
 2024/04/25 12:24:03.709,100,49,1410,1410,100
 2024/04/25 12:24:05.951,100,60,1350,1410,95.74468085
 2024/04/25 12:24:08.067,100,57,1365,1410,96.80851064
 2024/04/25 12:24:10.490,100,53,1380,1410,97.87234043
 2024/04/25 12:24:12.842,100,61,1380,1410,97.87234043
 2024/04/25 12:24:15.183,100,60,1365,1410,96.80851064
 2024/04/25 12:24:17.533,100,56,1350,1410,95.74468085
 2024/04/25 12:24:19.626,100,58,1380,1410,97.87234043
 2024/04/25 12:24:21.728,100,59,1395,1410,98.93617021
 2024/04/25 12:24:23.826,100,51,1410,1410,100
 2024/04/25 12:24:25.920,100,51,1350,1410,95.74468085
 2024/04/25 12:24:27.981,100,50,1305,1410,92.55319149
 2024/04/25 12:24:30.078,100,52,1410,1410,100
 2024/04/25 12:24:32.156,100,58,1380,1410,97.87234043
 2024/04/25 12:24:35.382,100,51,1395,1410,98.93617021
 2024/04/25 12:24:37.482,100,52,1410,1410,100
 2024/04/25 12:24:39.580,100,61,1350,1410,95.74468085
 2024/04/25 12:24:41.686,100,62,1395,1410,98.93617021
 2024/04/25 12:24:43.763,100,49,1395,1410,98.93617021
 2024/04/25 12:24:45.842,100,49,1395,1410,98.93617021
 2024/04/25 12:24:47.949,100,49,1350,1410,95.74468085
 2024/04/25 12:24:50.056,100,59,1380,1410,97.87234043
 2024/04/25 12:24:52.171,100,62,1365,1410,96.80851064
 2024/04/25 12:24:55.475,100,40,1380,1410,97.87234043
 2024/04/25 12:24:57.571,100,58,1350,1410,95.74468085
 2024/04/25 12:24:59.666,97,60,1410,1410,97
 2024/04/25 12:25:01.765,100,57,1335,1410,94.68085106
 2024/04/25 12:25:04.696,100,59,1365,1410,96.80851064
 2024/04/25 12:25:06.789,100,58,1350,1410,95.74468085
 2024/04/25 12:25:08.889,91,75,1410,1410,91
 2024/04/25 12:25:10.972,100,50,1350,1410,95.74468085
 2024/04/25 12:25:13.041,100,47,1380,1410,97.87234043
 2024/04/25 12:25:15.132,100,37,1410,1410,100
 2024/04/25 12:25:17.239,100,44,1410,1410,100
 2024/04/25 12:25:19.340,100,35,1410,1410,100
 2024/04/25 12:25:21.537,100,42,1410,1410,100
 2024/04/25 12:25:23.814,100,41,1410,1410,100
 2024/04/25 12:25:26.121,100,44,1410,1410,100
 2024/04/25 12:25:28.403,100,32,1410,1410,100
 2024/04/25 12:25:30.508,100,43,1410,1410,100
 2024/04/25 12:25:32.614,100,38,1410,1410,100
 2024/04/25 12:25:34.716,100,39,1410,1410,100
 2024/04/25 12:25:36.821,100,47,1395,1410,98.93617021
 2024/04/25 12:25:38.920,100,44,1410,1410,100
 2024/04/25 12:25:41.890,100,33,1410,1410,100
 2024/04/25 12:25:44.144,100,45,1410,1410,100
 2024/04/25 12:25:46.410,100,59,1395,1410,98.93617021
 2024/04/25 12:25:48.750,100,50,1395,1410,98.93617021
 2024/04/25 12:25:51.079,100,54,1350,1410,95.74468085
 2024/04/25 12:25:53.377,100,50,1350,1410,95.74468085
 2024/04/25 12:25:55.462,100,62,1350,1410,95.74468085
 2024/04/25 12:25:57.568,100,61,1350,1410,95.74468085
 2024/04/25 12:25:59.657,100,59,1365,1410,96.80851064
 2024/04/25 12:26:01.742,100,52,1380,1410,97.87234043
 2024/04/25 12:26:03.825,100,53,1365,1410,96.80851064
 2024/04/25 12:26:05.922,100,55,1395,1410,98.93617021
 2024/04/25 12:26:08.001,100,54,1395,1410,98.93617021
 2024/04/25 12:26:10.087,100,52,1395,1410,98.93617021
 2024/04/25 12:26:13.361,100,56,1395,1410,98.93617021
 2024/04/25 12:26:15.456,100,60,1395,1410,98.93617021
 2024/04/25 12:26:17.564,100,58,1395,1410,98.93617021
 2024/04/25 12:26:19.666,100,62,1380,1410,97.87234043
 2024/04/25 12:26:21.769,100,50,1395,1410,98.93617021
 2024/04/25 12:26:23.865,100,51,1380,1410,97.87234043
 2024/04/25 12:26:25.964,100,62,1380,1410,97.87234043
 2024/04/25 12:26:28.063,100,60,1380,1410,97.87234043
 2024/04/25 12:26:30.168,100,58,1380,1410,97.87234043
 2024/04/25 12:26:32.261,100,56,1365,1410,96.80851064
 2024/04/25 12:26:34.366,89,73,1410,1410,89
 2024/04/25 12:26:36.466,100,56,1350,1410,95.74468085
 2024/04/25 12:26:39.495,100,59,1350,1410,95.74468085
 2024/04/25 12:26:41.594,81,52,1410,1410,81
 2024/04/25 12:26:43.687,68,48,1410,1410,68
 2024/04/25 12:26:45.790,87,71,1410,1410,87
 2024/04/25 12:26:47.869,100,51,1395,1410,98.93617021
 2024/04/25 12:26:49.953,100,42,1365,1410,96.80851064
 2024/04/25 12:26:52.869,100,51,1365,1410,96.80851064
 2024/04/25 12:26:55.199,100,51,1395,1410,98.93617021
 2024/04/25 12:26:57.521,100,50,1380,1410,97.87234043
 2024/04/25 12:26:59.827,100,52,1395,1410,98.93617021
 2024/04/25 12:27:02.155,100,51,1380,1410,97.87234043
 2024/04/25 12:27:04.256,100,52,1395,1410,98.93617021
 2024/04/25 12:27:06.332,100,47,1395,1410,98.93617021
 2024/04/25 12:27:08.433,100,50,1380,1410,97.87234043
 2024/04/25 12:27:10.532,100,53,1395,1410,98.93617021
 2024/04/25 12:27:12.632,100,47,1395,1410,98.93617021
 2024/04/25 12:27:14.728,100,51,1380,1410,97.87234043
 2024/04/25 12:27:17.735,100,46,1395,1410,98.93617021
 2024/04/25 12:27:19.808,100,49,1365,1410,96.80851064
 2024/04/25 12:27:21.903,100,53,1350,1410,95.74468085
 2024/04/25 12:27:24.007,100,50,1335,1410,94.68085106
 2024/04/25 12:27:26.109,100,54,1395,1410,98.93617021
 2024/04/25 12:27:29.050,100,51,1395,1410,98.93617021
 2024/04/25 12:27:31.148,99,50,1395,1410,97.94680851
 2024/04/25 12:27:33.255,100,51,1380,1410,97.87234043
 2024/04/25 12:27:35.330,100,51,1395,1410,98.93617021
 2024/04/25 12:27:37.429,83,67,1410,1410,83
 2024/04/25 12:27:39.526,100,46,1350,1410,95.74468085
 2024/04/25 12:27:41.627,100,57,1350,1410,95.74468085
 2024/04/25 12:27:43.707,91,74,1410,1410,91
 2024/04/25 12:27:45.830,100,51,1410,1410,100
 2024/04/25 12:27:48.191,100,52,1395,1410,98.93617021
 2024/04/25 12:27:50.525,100,51,1365,1410,96.80851064
 2024/04/25 12:27:52.859,100,48,1395,1410,98.93617021
 2024/04/25 12:27:54.968,99,51,1380,1410,96.89361702
 2024/04/25 12:27:57.061,100,50,1365,1410,96.80851064
 2024/04/25 12:27:59.160,100,50,1395,1410,98.93617021
 2024/04/25 12:28:01.261,100,51,1350,1410,95.74468085
 2024/04/25 12:28:03.360,99,49,1395,1410,97.94680851
 2024/04/25 12:28:05.458,100,51,1380,1410,97.87234043
 2024/04/25 12:28:08.408,100,49,1395,1410,98.93617021
 2024/04/25 12:28:10.502,100,53,1380,1410,97.87234043
 2024/04/25 12:28:12.880,100,50,1365,1410,96.80851064
 2024/04/25 12:28:14.975,100,51,1350,1410,95.74468085
 2024/04/25 12:28:17.087,99,50,1410,1410,99
 2024/04/25 12:28:19.212,100,51,1350,1410,95.74468085
 2024/04/25 12:28:21.286,100,50,1395,1410,98.93617021
 2024/04/25 12:28:23.389,99,51,1350,1410,94.78723404
 2024/04/25 12:28:25.470,100,47,1410,1410,100
 2024/04/25 12:28:27.567,100,53,1395,1410,98.93617021
 2024/04/25 12:28:29.708,100,50,1395,1410,98.93617021
 2024/04/25 12:28:31.802,100,46,1380,1410,97.87234043
 2024/04/25 12:28:34.246,100,50,1395,1410,98.93617021
 2024/04/25 12:28:36.350,67,40,1170,1410,55.59574468
 2024/04/25 12:28:38.433,100,58,1380,1410,97.87234043
 2024/04/25 12:28:40.540,100,52,1365,1410,96.80851064
 2024/04/25 12:28:42.619,85,63,1410,1410,85
 2024/04/25 12:28:44.700,100,52,1395,1410,98.93617021
 2024/04/25 12:28:46.788,100,50,1395,1410,98.93617021
 2024/04/25 12:28:49.856,100,54,1395,1410,98.93617021
 2024/04/25 12:28:52.116,100,52,1395,1410,98.93617021
 2024/04/25 12:28:54.199,100,50,1350,1410,95.74468085
 2024/04/25 12:28:56.310,100,48,1410,1410,100
 2024/04/25 12:28:58.403,100,52,1395,1410,98.93617021
 2024/04/25 12:29:00.512,100,46,1380,1410,97.87234043
 2024/04/25 12:29:02.618,100,51,1395,1410,98.93617021
 2024/04/25 12:29:04.721,100,50,1395,1410,98.93617021
 2024/04/25 12:29:06.809,100,51,1365,1410,96.80851064
 2024/04/25 12:29:08.884,100,50,1395,1410,98.93617021
 2024/04/25 12:29:11.039,100,52,1380,1410,97.87234043
 2024/04/25 12:29:13.130,100,51,1395,1410,98.93617021
 2024/04/25 12:29:15.228,100,50,1380,1410,97.87234043
 2024/04/25 12:29:17.719,100,51,1395,1410,98.93617021
 2024/04/25 12:29:19.816,100,51,1380,1410,97.87234043
 2024/04/25 12:29:21.922,100,51,1410,1410,100
 2024/04/25 12:29:24.017,100,49,1335,1410,94.68085106
 2024/04/25 12:29:26.118,100,52,1395,1410,98.93617021
 2024/04/25 12:29:28.231,100,53,1395,1410,98.93617021
 2024/04/25 12:29:30.332,100,51,1380,1410,97.87234043
 2024/04/25 12:29:32.433,100,51,1380,1410,97.87234043
 2024/04/25 12:29:35.553,100,33,1410,1410,100
 2024/04/25 12:29:37.650,100,39,1410,1410,100
 2024/04/25 12:29:39.750,100,43,1410,1410,100
 2024/04/25 12:29:42.300,100,39,1410,1410,100
 2024/04/25 12:29:44.402,93,56,1410,1410,93
 2024/04/25 12:29:46.514,100,40,1410,1410,100
 2024/04/25 12:29:48.622,100,42,1410,1410,100
 2024/04/25 12:29:50.726,100,40,1410,1410,100
 2024/04/25 12:29:52.823,100,35,1410,1410,100
 2024/04/25 12:29:55.850,100,43,1410,1410,100
 2024/04/25 12:29:58.124,100,41,1410,1410,100
 2024/04/25 12:30:00.229,100,41,1410,1410,100
 2024/04/25 12:30:02.327,100,35,1410,1410,100
 2024/04/25 12:30:04.430,100,32,1410,1410,100
 2024/04/25 12:30:06.504,100,47,1380,1410,97.87234043
 2024/04/25 12:30:08.589,100,52,1380,1410,97.87234043
 2024/04/25 12:30:11.797,100,53,1395,1410,98.93617021
 2024/04/25 12:30:14.069,100,52,1350,1410,95.74468085
 2024/04/25 12:30:16.375,100,52,1395,1410,98.93617021
 2024/04/25 12:30:18.453,100,47,1365,1410,96.80851064
 2024/04/25 12:30:20.534,100,51,1380,1410,97.87234043
 2024/04/25 12:30:22.656,100,50,1395,1410,98.93617021
 2024/04/25 12:30:24.750,100,47,1380,1410,97.87234043
 2024/04/25 12:30:26.858,100,52,1365,1410,96.80851064
 2024/04/25 12:30:28.959,100,49,1350,1410,95.74468085
 2024/04/25 12:30:31.072,100,47,1350,1410,95.74468085
 2024/04/25 12:30:33.163,100,52,1395,1410,98.93617021
 2024/04/25 12:30:35.247,100,48,1395,1410,98.93617021
 2024/04/25 12:30:37.346,100,46,1365,1410,96.80851064
 2024/04/25 12:30:39.443,100,51,1395,1410,98.93617021
 2024/04/25 12:30:42.005,91,74,1410,1410,91
 2024/04/25 12:30:44.354,100,55,1395,1410,98.93617021
 2024/04/25 12:30:46.436,100,59,1380,1410,97.87234043
 2024/04/25 12:30:48.514,90,73,1410,1410,90
 2024/04/25 12:30:50.620,100,46,1395,1410,98.93617021
 2024/04/25 12:30:52.713,100,47,1365,1410,96.80851064
 2024/04/25 12:30:54.803,100,52,1395,1410,98.93617021
 2024/04/25 12:30:56.909,100,51,1395,1410,98.93617021
 2024/04/25 12:30:59.004,100,50,1395,1410,98.93617021
 2024/04/25 12:31:01.101,100,50,1395,1410,98.93617021
 2024/04/25 12:31:03.301,100,46,1395,1410,98.93617021
 2024/04/25 12:31:05.397,100,51,1380,1410,97.87234043
 2024/04/25 12:31:07.516,100,51,1395,1410,98.93617021
 2024/04/25 12:31:09.612,100,52,1335,1410,94.68085106
 2024/04/25 12:31:11.700,100,49,1365,1410,96.80851064
 2024/04/25 12:31:13.810,100,50,1395,1410,98.93617021
 2024/04/25 12:31:15.918,100,53,1365,1410,96.80851064
 2024/04/25 12:31:17.997,100,50,1395,1410,98.93617021
 2024/04/25 12:31:20.196,100,51,1350,1410,95.74468085
 2024/04/25 12:31:22.294,100,50,1380,1410,97.87234043
 2024/04/25 12:31:24.394,100,50,1380,1410,97.87234043
 2024/04/25 12:31:26.473,100,46,1335,1410,94.68085106
 2024/04/25 12:31:28.563,100,47,1410,1410,100
 2024/04/25 12:31:30.660,100,52,1395,1410,98.93617021
 2024/04/25 12:31:32.765,100,50,1350,1410,95.74468085
 2024/04/25 12:31:34.869,100,53,1365,1410,96.80851064
 2024/04/25 12:31:36.944,100,49,1395,1410,98.93617021
 2024/04/25 12:31:39.021,99,50,1365,1410,95.84042553
 2024/04/25 12:31:41.106,83,70,1410,1410,83
 2024/04/25 12:31:43.199,98,58,1365,1410,94.87234043
 2024/04/25 12:31:45.297,97,61,1365,1410,93.90425532
 2024/04/25 12:31:47.844,92,74,1410,1410,92
 2024/04/25 12:31:50.214,82,68,1410,1410,82
 2024/04/25 12:31:52.510,90,74,1410,1410,90
 2024/04/25 12:31:54.837,92,76,1410,1410,92
